{
  "file_path": "videodata/ml_sanjay_assortmentSounds55_15min_dataset.mp4",
  "file_size_mb": 1513.3162021636963,
  "frame_count": 27385,
  "fps": 30.0,
  "width": 1920,
  "height": 1080,
  "duration_seconds": 912.8333333333334,
  "duration_minutes": 15.21388888888889,
  "resolution": "1920x1080",
  "avg_brightness": 139.92660165895063,
  "avg_contrast": 65.37427936726954,
  "bitrate_mbps": 13.262584937713605
}