{
  "dataset_info": {
    "num_sequences": 268,
    "sequence_length_frames": 24,
    "sequence_length_ms": 240,
    "step_size_frames": 12,
    "overlap_ms": 120,
    "audio_feature_dim": 80,
    "target_feature_dim": 59
  },
  "normalization_stats": {
    "audio_mean": [
      -38.44939555457575,
      -34.76242248751038,
      -32.60746617993312,
      -32.07135807800649,
      -30.9905603454629,
      -31.172974966355223,
      -31.5055747134472,
      -31.348325688076848,
      -31.276920216000494,
      -31.19964546306216,
      -32.18195206245676,
      -33.46295670987065,
      -34.376329089352744,
      -35.71078022469336,
      -37.06060682993326,
      -38.645147616738704,
      -40.96714566284744,
      -42.59422515636653,
      -43.96795588079377,
      -45.316516222793666,
      -46.40320118653833,
      -48.12855147840965,
      -48.45932221827815,
      -48.06587022394683,
      -47.88660387731903,
      -47.56766972672287,
      -48.46321597769486,
      -48.857194147892855,
      -48.565024381846335,
      -48.064627926741075,
      -49.16996429927313,
      -48.30725237638203,
      -49.10857995365983,
      -48.44451879861936,
      -48.95165333848688,
      -48.96339258032652,
      -48.84848306902605,
      -48.89126478973313,
      -48.93555994709926,
      -49.236238741163,
      -49.794791389460585,
      -50.374413213919645,
      -51.530073581643364,
      -52.108411364294405,
      -52.27698967231447,
      -52.64777444369757,
      -52.81509146227766,
      -52.24028956534258,
      -52.28858713190354,
      -52.54476673093008,
      -53.04405499809417,
      -53.467889093047944,
      -54.05358434613071,
      -54.38785002599308,
      -55.125193104815125,
      -55.691592526673084,
      -56.278274886050625,
      -55.72087190103768,
      -55.29234238880784,
      -56.9695844353728,
      -58.14850554537417,
      -60.00444993628791,
      -60.722479309015604,
      -60.0091198433691,
      -58.654253568815356,
      -59.14289517960145,
      -59.91583596889059,
      -60.161127308707925,
      -60.44983762235784,
      -60.40294442722453,
      -60.11810607755955,
      -60.42559706156526,
      -61.55200633065618,
      -62.03613421869515,
      -61.82657742322381,
      -60.96531203018492,
      -60.75763213634491,
      -60.45907182420664,
      -60.35948566239865,
      -60.561685635675836
    ],
    "audio_std": [
      8.687979846367533,
      9.81696225836612,
      11.491661756589828,
      11.611727509640424,
      11.85917514133937,
      12.081006987635682,
      10.808141786162208,
      10.26019671477618,
      10.747984146412582,
      11.57563125302816,
      11.920155728643763,
      12.004543350571328,
      12.020689641779288,
      11.905908689055241,
      11.749897546496065,
      11.765387970724108,
      11.829368337401165,
      11.944003466254715,
      11.793715141630063,
      11.549344399642292,
      11.051422734026309,
      10.618545551266028,
      10.506109698318559,
      10.723541787413456,
      10.866401343774571,
      10.952430145150176,
      11.155469550437358,
      11.320122217295065,
      11.614662319047445,
      11.831079092889578,
      11.846530422632476,
      11.752484166032557,
      11.603175455364587,
      11.03957425363107,
      10.563741220905001,
      10.159365788292742,
      9.98819505371356,
      10.334119710474573,
      10.569763608343775,
      10.44299695590306,
      10.2312597617572,
      9.990741057230814,
      9.815920306094773,
      10.018852528345878,
      10.217405492839235,
      10.306423062242104,
      10.275677415069548,
      10.59077498885127,
      10.253577860572932,
      10.173958923115125,
      10.307253308319494,
      10.355532098966206,
      10.18555891843969,
      10.020394996955464,
      9.841740433286013,
      9.138186712243296,
      8.87998970362014,
      8.788031813550825,
      8.970538554263626,
      9.269656226462288,
      9.362211185421229,
      10.123749960473235,
      9.823119306315787,
      10.16011429488862,
      10.0857257722975,
      10.380858475781315,
      10.718104768868674,
      10.681173970595975,
      10.767697159695281,
      10.608824532758348,
      10.508484398367886,
      10.390104623414974,
      10.216064369164966,
      10.25146067913632,
      10.25627488390605,
      10.628605937421781,
      10.558524570727874,
      10.623347680962423,
      10.817720908356307,
      10.9021730613007
    ],
    "target_mean": [
      7.991519102098137e-07,
      0.0902889020111053,
      0.09234235711017877,
      0.08609931188061443,
      0.15577276475417406,
      0.1636510625883124,
      0.00012188572455342896,
      6.218478908349194e-07,
      4.0575113222149003e-07,
      0.19564231419816377,
      0.1303916475729053,
      0.2654521908776556,
      0.24921124879024928,
      0.08059590534609748,
      0.1804734310970102,
      0.2086514971774438,
      0.09975153178007234,
      0.0823656510936742,
      0.08387711318730666,
      0.27226980506739124,
      0.2111331592330308,
      0.01408413168902503,
      0.038084911321240755,
      0.0007518214410106226,
      0.0027620529311890396,
      0.05503358206256948,
      0.0005035686222471299,
      0.00066543435519568,
      0.008396697187094453,
      0.010284629521719603,
      0.0013787355901142633,
      0.0009363784264619788,
      0.04590059189061279,
      0.002942502681059344,
      0.07341500318288814,
      0.07683222462914999,
      0.027296934154260957,
      0.025702385705868972,
      0.11239502547432699,
      0.006216507382841098,
      0.001583975586283005,
      0.004412369123928175,
      0.008850658100342586,
      0.058445188315814536,
      0.08383799157847517,
      0.07838830127852238,
      0.01603380660579389,
      0.012453420202468212,
      0.10325342826934497,
      0.12393922119565029,
      5.3343380936905325e-06,
      1.3162985344683654e-06,
      -0.10674230663684149,
      0.17212630843656238,
      -0.19853855721395403,
      0.983762672244324,
      0.05245037624978511,
      -0.011774046203471661,
      0.028486367228079863
    ],
    "target_std": [
      5.806920864455734e-07,
      0.10319137632807271,
      0.11484606550939362,
      0.17849835172494574,
      0.2041713146206497,
      0.21928514247462216,
      0.00013061443751197558,
      8.357145966856525e-07,
      2.995345508788074e-07,
      0.2084857451168491,
      0.1889000043553199,
      0.23620500675911832,
      0.23312246945991902,
      0.1245076773441864,
      0.17868154295140062,
      0.17376609378364033,
      0.12459134479281922,
      0.09687201006127578,
      0.09496758969428191,
      0.14388297796677543,
      0.1462301187614432,
      0.019642313352643916,
      0.07634597073967239,
      0.00071765630706014,
      0.0048533899787511145,
      0.07705691434332342,
      0.0013025909416564208,
      0.0007226669381373689,
      0.01023912913914297,
      0.01641577076910948,
      0.007678281308638963,
      0.004238774687439053,
      0.06433873662731648,
      0.007910797371993725,
      0.09356923135142738,
      0.09666725215743531,
      0.028601426728758515,
      0.03435981960186356,
      0.16621234658093245,
      0.01990103833547425,
      0.0058776318380094035,
      0.00536328380104417,
      0.030939629955920166,
      0.047329197945973935,
      0.11878207394091424,
      0.11473284161242049,
      0.0361579668766936,
      0.026269669191463813,
      0.14509606951354018,
      0.17148260405122934,
      5.42500314384764e-06,
      9.299294900445424e-07,
      0.1658520469296851,
      0.09743293179133923,
      0.015472765542728872,
      0.03585914918524317,
      0.050733790906309736,
      0.15021076449721077,
      0.03876776956365753
    ]
  }
}